{
  "dropDowns": [
    {
      "id": 0,
      "name": "custom search for courts",
      "query": "#sbxControlID2",
      "options": [
        {
          "id": 0,
          "name": "exclude criminal cases",
          "query": "#divOption1 > a"
        },
        {
          "id": 1,
          "name": "include criminal case records",
          "isDefault": true,
          "query": "#divOption2 > a"
        },
        {
          "id": 2,
          "name": "criminal case records only",
          "query": "#divOption2 > a"
        }
      ]
    }
  ]
}