"Id";"HoliDate";"CreateDate"
"71932e95-b751-11ef-99ce-0af7a01f52e9";"2024-01-01";"2024-12-10 23:49:49"
"719331fd-b751-11ef-99ce-0af7a01f52e9";"2024-01-15";"2024-12-10 23:49:49"
"7193332c-b751-11ef-99ce-0af7a01f52e9";"2024-02-19";"2024-12-10 23:49:49"
"719333a0-b751-11ef-99ce-0af7a01f52e9";"2024-05-27";"2024-12-10 23:49:49"
"71933407-b751-11ef-99ce-0af7a01f52e9";"2024-06-19";"2024-12-10 23:49:49"
"719334a7-b751-11ef-99ce-0af7a01f52e9";"2024-07-04";"2024-12-10 23:49:49"
"71933504-b751-11ef-99ce-0af7a01f52e9";"2024-09-02";"2024-12-10 23:49:49"
"7193355d-b751-11ef-99ce-0af7a01f52e9";"2024-11-11";"2024-12-10 23:49:49"
"719335bd-b751-11ef-99ce-0af7a01f52e9";"2024-11-28";"2024-12-10 23:49:49"
"71933615-b751-11ef-99ce-0af7a01f52e9";"2024-12-25";"2024-12-10 23:49:49"
"7193366d-b751-11ef-99ce-0af7a01f52e9";"2025-01-01";"2024-12-10 23:49:49"
"719336c4-b751-11ef-99ce-0af7a01f52e9";"2025-01-20";"2024-12-10 23:49:49"
"71933727-b751-11ef-99ce-0af7a01f52e9";"2025-02-17";"2024-12-10 23:49:49"
"71933786-b751-11ef-99ce-0af7a01f52e9";"2025-05-26";"2024-12-10 23:49:49"
"719337e4-b751-11ef-99ce-0af7a01f52e9";"2025-06-19";"2024-12-10 23:49:49"
"71933837-b751-11ef-99ce-0af7a01f52e9";"2025-07-04";"2024-12-10 23:49:49"
"71933890-b751-11ef-99ce-0af7a01f52e9";"2025-09-01";"2024-12-10 23:49:49"
"719338e7-b751-11ef-99ce-0af7a01f52e9";"2025-11-11";"2024-12-10 23:49:49"
"7193393e-b751-11ef-99ce-0af7a01f52e9";"2025-11-27";"2024-12-10 23:49:49"
"71933994-b751-11ef-99ce-0af7a01f52e9";"2025-12-25";"2024-12-10 23:49:49"
"719339ee-b751-11ef-99ce-0af7a01f52e9";"2026-01-01";"2024-12-10 23:49:49"
"71933a46-b751-11ef-99ce-0af7a01f52e9";"2026-01-19";"2024-12-10 23:49:49"
"71933a9b-b751-11ef-99ce-0af7a01f52e9";"2026-02-16";"2024-12-10 23:49:49"
"71933b01-b751-11ef-99ce-0af7a01f52e9";"2026-05-25";"2024-12-10 23:49:49"
"71933b5a-b751-11ef-99ce-0af7a01f52e9";"2026-06-19";"2024-12-10 23:49:49"
"71933bb6-b751-11ef-99ce-0af7a01f52e9";"2026-07-03";"2024-12-10 23:49:49"
"71933c0c-b751-11ef-99ce-0af7a01f52e9";"2026-09-07";"2024-12-10 23:49:49"
"71933c62-b751-11ef-99ce-0af7a01f52e9";"2026-11-11";"2024-12-10 23:49:49"
"71933cb9-b751-11ef-99ce-0af7a01f52e9";"2026-11-26";"2024-12-10 23:49:49"
"71933d0e-b751-11ef-99ce-0af7a01f52e9";"2026-12-25";"2024-12-10 23:49:49"
