"Id";"LeadUserId";"CountyId";"IsActive";"MaxRecords";"CompleteDate";"CreateDate"
"bf658bbc-bbba-11ef-99ce-0af7a01f52e9";"05048b8b-a48d-11ef-99ce-0af7a01f52e9";1;"1";-1;"";"2024-12-16 14:33:42"
"bf658f07-bbba-11ef-99ce-0af7a01f52e9";"05048b8b-a48d-11ef-99ce-0af7a01f52e9";10;"1";-1;"";"2024-12-16 14:33:42"
"bf659043-bbba-11ef-99ce-0af7a01f52e9";"05048b8b-a48d-11ef-99ce-0af7a01f52e9";20;"1";-1;"";"2024-12-16 14:33:42"
"bf6590ec-bbba-11ef-99ce-0af7a01f52e9";"05048b8b-a48d-11ef-99ce-0af7a01f52e9";30;"1";-1;"";"2024-12-16 14:33:42"
"bf6591b0-bbba-11ef-99ce-0af7a01f52e9";"05048b8b-a48d-11ef-99ce-0af7a01f52e9";60;"1";-1;"";"2024-12-16 14:33:42"
"bf659247-bbba-11ef-99ce-0af7a01f52e9";"05048b8b-a48d-11ef-99ce-0af7a01f52e9";70;"1";-1;"";"2024-12-16 14:33:42"
"bf6592c1-bbba-11ef-99ce-0af7a01f52e9";"05048b8b-a48d-11ef-99ce-0af7a01f52e9";80;"1";-1;"";"2024-12-16 14:33:42"
"bf659345-bbba-11ef-99ce-0af7a01f52e9";"05048b8b-a48d-11ef-99ce-0af7a01f52e9";90;"1";-1;"";"2024-12-16 14:33:42"
"bf6593cb-bbba-11ef-99ce-0af7a01f52e9";"05048b8b-a48d-11ef-99ce-0af7a01f52e9";100;"1";-1;"";"2024-12-16 14:33:42"
"bf659445-bbba-11ef-99ce-0af7a01f52e9";"05048b8b-a48d-11ef-99ce-0af7a01f52e9";110;"1";-1;"";"2024-12-16 14:33:42"
"bf6594be-bbba-11ef-99ce-0af7a01f52e9";"05048b8b-a48d-11ef-99ce-0af7a01f52e9";120;"1";-1;"";"2024-12-16 14:33:42"
"bf659536-bbba-11ef-99ce-0af7a01f52e9";"05048b8b-a48d-11ef-99ce-0af7a01f52e9";130;"1";-1;"";"2024-12-16 14:33:42"
"bf6595b5-bbba-11ef-99ce-0af7a01f52e9";"4411c3b7-a44d-11ef-99ce-0af7a01f52e9";1;"1";-1;"";"2024-12-16 14:33:42"
"bf659630-bbba-11ef-99ce-0af7a01f52e9";"4411c3b7-a44d-11ef-99ce-0af7a01f52e9";10;"1";-1;"";"2024-12-16 14:33:42"
"bf6596a7-bbba-11ef-99ce-0af7a01f52e9";"4411c3b7-a44d-11ef-99ce-0af7a01f52e9";20;"1";-1;"";"2024-12-16 14:33:42"
"bf659720-bbba-11ef-99ce-0af7a01f52e9";"4411c3b7-a44d-11ef-99ce-0af7a01f52e9";30;"1";-1;"";"2024-12-16 14:33:42"
"bf659796-bbba-11ef-99ce-0af7a01f52e9";"4411c3b7-a44d-11ef-99ce-0af7a01f52e9";60;"1";-1;"";"2024-12-16 14:33:42"
"bf65980e-bbba-11ef-99ce-0af7a01f52e9";"4411c3b7-a44d-11ef-99ce-0af7a01f52e9";70;"1";-1;"";"2024-12-16 14:33:42"
"bf659883-bbba-11ef-99ce-0af7a01f52e9";"4411c3b7-a44d-11ef-99ce-0af7a01f52e9";80;"1";-1;"";"2024-12-16 14:33:42"
"bf6598f8-bbba-11ef-99ce-0af7a01f52e9";"4411c3b7-a44d-11ef-99ce-0af7a01f52e9";90;"1";-1;"";"2024-12-16 14:33:42"
"bf65996d-bbba-11ef-99ce-0af7a01f52e9";"4411c3b7-a44d-11ef-99ce-0af7a01f52e9";100;"1";-1;"";"2024-12-16 14:33:42"
"bf6599e2-bbba-11ef-99ce-0af7a01f52e9";"4411c3b7-a44d-11ef-99ce-0af7a01f52e9";110;"1";-1;"";"2024-12-16 14:33:42"
"bf659a55-bbba-11ef-99ce-0af7a01f52e9";"4411c3b7-a44d-11ef-99ce-0af7a01f52e9";120;"1";-1;"";"2024-12-16 14:33:42"
"bf659acd-bbba-11ef-99ce-0af7a01f52e9";"4411c3b7-a44d-11ef-99ce-0af7a01f52e9";130;"1";-1;"";"2024-12-16 14:33:42"
"bf659b66-bbba-11ef-99ce-0af7a01f52e9";"fef29532-a487-11ef-99ce-0af7a01f52e9";1;"1";-1;"";"2024-12-16 14:33:42"
"bf659beb-bbba-11ef-99ce-0af7a01f52e9";"fef29532-a487-11ef-99ce-0af7a01f52e9";10;"1";-1;"";"2024-12-16 14:33:42"
"bf659c64-bbba-11ef-99ce-0af7a01f52e9";"fef29532-a487-11ef-99ce-0af7a01f52e9";20;"1";-1;"";"2024-12-16 14:33:42"
"bf659cdb-bbba-11ef-99ce-0af7a01f52e9";"fef29532-a487-11ef-99ce-0af7a01f52e9";30;"1";-1;"";"2024-12-16 14:33:42"
"bf659d52-bbba-11ef-99ce-0af7a01f52e9";"fef29532-a487-11ef-99ce-0af7a01f52e9";60;"1";-1;"";"2024-12-16 14:33:42"
"bf659dc7-bbba-11ef-99ce-0af7a01f52e9";"fef29532-a487-11ef-99ce-0af7a01f52e9";70;"1";-1;"";"2024-12-16 14:33:42"
"bf659e3a-bbba-11ef-99ce-0af7a01f52e9";"fef29532-a487-11ef-99ce-0af7a01f52e9";80;"1";-1;"";"2024-12-16 14:33:42"
"bf659ead-bbba-11ef-99ce-0af7a01f52e9";"fef29532-a487-11ef-99ce-0af7a01f52e9";90;"1";-1;"";"2024-12-16 14:33:42"
"bf659f24-bbba-11ef-99ce-0af7a01f52e9";"fef29532-a487-11ef-99ce-0af7a01f52e9";100;"1";-1;"";"2024-12-16 14:33:42"
"bf659f9a-bbba-11ef-99ce-0af7a01f52e9";"fef29532-a487-11ef-99ce-0af7a01f52e9";110;"1";-1;"";"2024-12-16 14:33:42"
"bf65a00f-bbba-11ef-99ce-0af7a01f52e9";"fef29532-a487-11ef-99ce-0af7a01f52e9";120;"1";-1;"";"2024-12-16 14:33:42"
"bf65a082-bbba-11ef-99ce-0af7a01f52e9";"fef29532-a487-11ef-99ce-0af7a01f52e9";130;"1";-1;"";"2024-12-16 14:33:42"
