"Id";"UserId";"Name";"StartDate";"EndDate";"ExpectedRows";"CreateDate";"RetryCount"
"0169cde5-40b0-11ef-99ce-0af7a01f52e9";"cf35094a-ad64-41dd-9f2d-32cbc942aaed";"b6e60207-663f-41aa-bfbb-5d02d9c31367";"2024-07-13 00:36:55";"2024-07-16 15:10:55";241;"2024-07-13 00:36:55";0
"01abae32-40b0-11ef-99ce-0af7a01f52e9";"cf35094a-ad64-41dd-9f2d-32cbc942aaed";"95692c35-7ca0-41d4-bc3c-ae03095222e4";"2024-07-13 00:36:56";"";0;"2024-07-13 00:36:55";0
"01caaf9e-40b0-11ef-99ce-0af7a01f52e9";"cf35094a-ad64-41dd-9f2d-32cbc942aaed";"95a65748-e4ec-4e13-b63c-7460270e9017";"2024-07-13 00:36:56";"2024-07-16 15:13:55";70;"2024-07-13 00:36:56";0
"049677e9-0bc2-11ef-99ce-0af7a01f52e9";"cf35094a-ad64-41dd-9f2d-32cbc942aaed";"958ca5a1-f227-439d-b4af-16c0360a4206";"2024-05-06 16:01:57";"2024-07-17 01:52:09";241;"2024-05-06 16:02:20";0
"06121dc5-faa3-11ee-b616-0af7a01f52e9";"cf35094a-ad64-41dd-9f2d-32cbc942aaed";"ba60fea2-f3e1-46bb-94bb-45e088bda99f";"2024-04-14 21:07:36";"2024-07-17 00:47:26";241;"2024-04-14 21:07:38";0
"0693232d-5573-11ef-99ce-0af7a01f52e9";"cf35094a-ad64-41dd-9f2d-32cbc942aaed";"33003c84-004d-4d7e-9220-480076c06f38";"2024-08-08 11:21:03";"2024-08-08 12:55:22";0;"2024-08-08 10:43:19";1
"06dc1da4-3315-11ef-99ce-0af7a01f52e9";"cf35094a-ad64-41dd-9f2d-32cbc942aaed";"cc7c0124-6806-452e-9e7b-3df979758cb1";"2024-06-25 17:04:47";"2024-06-25 18:25:06";241;"2024-06-25 17:04:47";0
"0abbb411-540d-11ef-99ce-0af7a01f52e9";"cf35094a-ad64-41dd-9f2d-32cbc942aaed";"09d4d823-da41-4bb8-a600-a3de67af1031";"2024-08-06 16:00:46";"2024-08-08 10:24:11";109;"2024-08-06 16:00:46";0
"0ad070ae-0bce-11ef-99ce-0af7a01f52e9";"cf35094a-ad64-41dd-9f2d-32cbc942aaed";"227a17d1-dede-4788-ab81-4db1f2e57b5a";"2024-05-06 17:28:01";"2024-07-17 01:56:01";241;"2024-05-06 17:28:24";0
"0b969955-2d13-11ef-99ce-0af7a01f52e9";"cf35094a-ad64-41dd-9f2d-32cbc942aaed";"ae5422f1-f23d-4325-8871-e8ce9878d0b6";"2024-06-18 01:35:29";"2024-07-16 15:57:54";79;"2024-06-18 01:35:29";0
"0c42db3c-6b01-11ef-99ce-0af7a01f52e9";"cf35094a-ad64-41dd-9f2d-32cbc942aaed";"5c2b02b0-b13a-42c1-9f2c-77fd12a10f4f";"2024-09-04 21:02:47";"2024-09-05 19:01:35";240;"2024-09-04 21:02:51";0
"0d3b51b2-befc-11ee-be26-0af7a01f52e9";"cf35094a-ad64-41dd-9f2d-32cbc942aaed";"47be7ecb-a27d-4206-845b-1f26e5791202";"2024-01-29 23:13:46";"2024-02-03 19:37:53";249;"2024-01-29 23:13:45";0
"0dbe058f-5c0d-11ef-99ce-0af7a01f52e9";"cf35094a-ad64-41dd-9f2d-32cbc942aaed";"eb752409-50bf-4eff-8224-d99a63a56b45";"2024-08-28 20:41:43";"2024-08-28 20:41:48";240;"2024-08-16 20:21:00";2
"0e12b9c6-6b01-11ef-99ce-0af7a01f52e9";"cf35094a-ad64-41dd-9f2d-32cbc942aaed";"5fbaa49f-36ab-472b-ae69-bc97a653f915";"2024-09-05 19:06:51";"2024-09-05 19:12:06";779;"2024-09-04 21:02:54";1
"0fcb99e5-5c0d-11ef-99ce-0af7a01f52e9";"cf35094a-ad64-41dd-9f2d-32cbc942aaed";"ab6548fd-b813-479d-9acd-cac82cfa6352";"2024-08-16 20:21:00";"2024-08-28 20:48:57";464;"2024-08-16 20:21:04";0
"0fef6b46-a5db-11ef-99ce-0af7a01f52e9";"cf35094a-ad64-41dd-9f2d-32cbc942aaed";"fe0cf0c2-2aa9-4705-8a28-e1f02fc64d12";"2024-11-18 18:29:36";"";0;"2024-11-18 18:29:35";0
"0ff8b20f-6b01-11ef-99ce-0af7a01f52e9";"cf35094a-ad64-41dd-9f2d-32cbc942aaed";"508781f6-6f88-40a9-ab1f-cc073f6f30cb";"2024-09-04 21:02:53";"2024-09-05 19:12:55";43;"2024-09-04 21:02:57";0
"10437e1e-a5db-11ef-99ce-0af7a01f52e9";"cf35094a-ad64-41dd-9f2d-32cbc942aaed";"dec28c89-6f7f-4b53-94f0-4861892a28eb";"2024-11-18 18:29:36";"";0;"2024-11-18 18:29:36";0
"1096a1e2-a5db-11ef-99ce-0af7a01f52e9";"cf35094a-ad64-41dd-9f2d-32cbc942aaed";"4d41e84a-f6dc-485b-a3d3-322ab1ebf629";"2024-11-18 18:29:37";"";0;"2024-11-18 18:29:36";0
"10bf93ff-a5db-11ef-99ce-0af7a01f52e9";"cf35094a-ad64-41dd-9f2d-32cbc942aaed";"8f7fdff7-7f86-4d94-81cf-a41e64a1a6f9";"2024-11-18 18:29:37";"";0;"2024-11-18 18:29:36";0
"10dec5a2-a5db-11ef-99ce-0af7a01f52e9";"cf35094a-ad64-41dd-9f2d-32cbc942aaed";"f16b1ac5-d007-40b7-b28e-e2e2aaa46018";"2024-11-18 18:29:37";"";0;"2024-11-18 18:29:37";0
"11a77fe0-6b01-11ef-99ce-0af7a01f52e9";"cf35094a-ad64-41dd-9f2d-32cbc942aaed";"f6902a7e-1de4-47b6-ad7d-8373ef805a18";"2024-09-04 21:02:56";"2024-09-05 19:13:46";16;"2024-09-04 21:03:00";0
"11c73469-2292-11ef-99ce-0af7a01f52e9";"cf35094a-ad64-41dd-9f2d-32cbc942aaed";"6156b5f8-0914-42aa-8e7c-3648259ee80d";"2024-06-04 16:46:26";"2024-07-17 13:50:10";241;"2024-06-04 16:47:03";0
"11df1101-5c0d-11ef-99ce-0af7a01f52e9";"cf35094a-ad64-41dd-9f2d-32cbc942aaed";"154b1038-ce79-431a-847d-40e62fde96d4";"2024-08-16 20:21:04";"2024-09-05 17:03:00";135;"2024-08-16 20:21:07";0
"12c03eb6-0bb1-11ef-99ce-0af7a01f52e9";"cf35094a-ad64-41dd-9f2d-32cbc942aaed";"449011aa-3f35-400b-9cef-8142663e2c02";"2024-05-06 14:00:39";"2024-07-17 01:23:54";241;"2024-05-06 14:01:02";0
"13f515aa-5c0d-11ef-99ce-0af7a01f52e9";"cf35094a-ad64-41dd-9f2d-32cbc942aaed";"b3e3b27c-8d7a-44b9-bf36-86515dbe0327";"2024-08-16 20:21:07";"2024-09-05 17:03:50";18;"2024-08-16 20:21:11";0
"152f1630-4aa9-11ef-99ce-0af7a01f52e9";"cf35094a-ad64-41dd-9f2d-32cbc942aaed";"db60aca0-0fc5-42cc-b883-e21432bb86b9";"2024-07-27 09:40:51";"2024-07-27 12:03:28";308;"2024-07-25 17:12:33";1
"17a6b38c-c5d4-11ee-be26-0af7a01f52e9";"cf35094a-ad64-41dd-9f2d-32cbc942aaed";"c889b7c2-3325-465a-b65d-718cc249a141";"2024-02-07 16:15:22";"2024-02-07 16:18:28";248;"2024-02-07 16:15:21";0
"17d40c8d-faa3-11ee-b616-0af7a01f52e9";"cf35094a-ad64-41dd-9f2d-32cbc942aaed";"13dc741f-903b-4539-aed6-e2e406f88fe8";"2024-07-17 00:48:26";"2024-07-17 00:49:25";241;"2024-04-14 21:08:08";1
"198e4fbc-656c-a31d-5324-7a209b4c75ca";"00000000-0000-0000-0000-000000000000";"00000000-20240719-03:16:31";"2024-07-19 03:16:31";"2024-07-19 03:16:31";2;"2024-07-19 03:16:31";0
"1bc7f905-2d12-11ef-99ce-0af7a01f52e9";"cf35094a-ad64-41dd-9f2d-32cbc942aaed";"54a76521-a51b-4fe4-8e03-882e1ee07039";"2024-06-18 01:28:44";"2024-06-18 01:37:37";64;"2024-06-18 01:28:47";0
"1bcdec07-c3c4-11ee-be26-0af7a01f52e9";"cf35094a-ad64-41dd-9f2d-32cbc942aaed";"eac30e8c-95ab-43a8-b978-4fe5c8ada8b5";"2024-02-05 01:15:54";"2024-02-05 02:43:01";248;"2024-02-05 01:15:54";0
"1c3201b0-1ddc-11ef-99ce-0af7a01f52e9";"cf35094a-ad64-41dd-9f2d-32cbc942aaed";"d0aa7e0e-b5ab-4e07-84f6-f234fe9c22a5";"2024-05-29 16:53:54";"2024-07-17 13:18:46";0;"2024-05-29 16:54:27";0
"1cb8bd15-c3b7-11ee-be26-0af7a01f52e9";"cf35094a-ad64-41dd-9f2d-32cbc942aaed";"b4698a68-9194-489e-94ff-68bbb8715681";"2024-02-04 23:42:52";"2024-07-17 00:41:09";241;"2024-02-04 23:42:52";0
"1d3d7472-0dbb-11ef-99ce-0af7a01f52e9";"cf35094a-ad64-41dd-9f2d-32cbc942aaed";"0109c038-0902-46b7-9c30-d10eeb4e6e60";"2024-05-09 04:17:31";"2024-07-17 02:24:13";241;"2024-05-09 04:17:57";0
"1df255ac-c3c4-11ee-be26-0af7a01f52e9";"cf35094a-ad64-41dd-9f2d-32cbc942aaed";"e3ec6112-a16e-4d83-83b2-e3db03e6a901";"2024-02-05 01:15:58";"2024-02-05 04:08:27";248;"2024-02-05 01:15:57";0
"1e0cabed-c230-11ee-be26-0af7a01f52e9";"cf35094a-ad64-41dd-9f2d-32cbc942aaed";"1f31323c-bbcb-45a7-97f4-4b934f9b37d8";"2024-02-03 01:04:01";"2024-02-03 01:13:51";248;"2024-02-03 01:04:01";0
"1ed39667-5fca-11ef-99ce-0af7a01f52e9";"cf35094a-ad64-41dd-9f2d-32cbc942aaed";"f3b6aa41-ebc4-4b6f-a488-f5abca59a1f2";"2024-09-05 18:06:51";"2024-09-05 18:13:09";0;"2024-08-21 14:31:57";1
"20412dc8-a5e6-11ef-99ce-0af7a01f52e9";"cf35094a-ad64-41dd-9f2d-32cbc942aaed";"609b5bf0-d213-4465-af87-7dbee8865588";"2024-11-18 19:48:47";"";0;"2024-11-18 19:48:47";0
"20c9bee3-5fca-11ef-99ce-0af7a01f52e9";"cf35094a-ad64-41dd-9f2d-32cbc942aaed";"977171be-9ae2-4e33-986e-0cef094d42f4";"2024-09-05 18:16:51";"2024-09-05 18:23:42";779;"2024-08-21 14:32:00";1
"20f44552-ded0-5a79-d099-1ff252970761";"00000000-0000-0000-0000-000000000000";"00000000-20240719-02:58:38";"2024-07-19 02:58:38";"2024-07-19 02:58:38";0;"2024-07-19 02:58:38";0
"223a698a-6a61-6a0b-6933-acf039a108d1";"00000000-0000-0000-0000-000000000000";"00000000-20240719-03:32:39";"2024-07-19 03:32:39";"2024-07-19 03:32:39";336;"2024-07-19 03:32:39";0
"2252cb62-a5e6-11ef-99ce-0af7a01f52e9";"cf35094a-ad64-41dd-9f2d-32cbc942aaed";"dd5939a2-2936-4f7a-8391-485e9b1697e3";"2024-11-18 19:48:50";"";0;"2024-11-18 19:48:50";0
"22ce336c-5fca-11ef-99ce-0af7a01f52e9";"cf35094a-ad64-41dd-9f2d-32cbc942aaed";"7f5df009-0548-4146-b4ac-6cda6409bd18";"2024-08-21 14:32:02";"2024-09-05 18:25:30";86;"2024-08-21 14:32:04";0
"234610a2-0c0a-11ef-99ce-0af7a01f52e9";"cf35094a-ad64-41dd-9f2d-32cbc942aaed";"18320f90-35c6-415e-8ed7-0873d110a930";"2024-05-07 00:38:11";"2024-07-17 02:09:52";241;"2024-05-07 00:38:35";0
"238d729e-1f92-11ef-99ce-0af7a01f52e9";"cf35094a-ad64-41dd-9f2d-32cbc942aaed";"327b8a4b-2d5a-4164-8d40-cf509717d4b8";"2024-05-31 21:09:24";"2024-07-17 13:31:06";241;"2024-05-31 21:09:59";0
"248e423f-a5e6-11ef-99ce-0af7a01f52e9";"cf35094a-ad64-41dd-9f2d-32cbc942aaed";"e679684b-d9de-42a7-bd93-a3d8ae018bb2";"2024-11-18 19:48:54";"";0;"2024-11-18 19:48:54";0
"2503dfa2-5fca-11ef-99ce-0af7a01f52e9";"cf35094a-ad64-41dd-9f2d-32cbc942aaed";"c263aae3-0a52-47c8-88f8-32f9ff535f14";"2024-09-05 18:26:51";"2024-09-05 18:27:46";146;"2024-08-21 14:32:08";1
"26ba4dec-a5e6-11ef-99ce-0af7a01f52e9";"cf35094a-ad64-41dd-9f2d-32cbc942aaed";"c940abdd-3878-4ed6-a294-a78f0274deaf";"2024-11-18 19:48:58";"";0;"2024-11-18 19:48:58";0
"27fe5515-1d7d-11ef-99ce-0af7a01f52e9";"cf35094a-ad64-41dd-9f2d-32cbc942aaed";"7725f8f1-33bd-49f3-95f9-2ad967bdc56e";"2024-05-29 05:34:11";"2024-07-17 13:18:30";0;"2024-05-29 05:34:45";0
"28ee5c58-a5e6-11ef-99ce-0af7a01f52e9";"cf35094a-ad64-41dd-9f2d-32cbc942aaed";"155218ef-f5ec-4799-b63b-7d7bd20d8b41";"2024-11-18 19:49:02";"";0;"2024-11-18 19:49:01";0
"2b4a8291-c5d5-11ee-be26-0af7a01f52e9";"cf35094a-ad64-41dd-9f2d-32cbc942aaed";"b96393d1-c0e4-4fc6-8ddf-017c98de2d8b";"2024-02-07 16:23:04";"2024-02-07 16:25:55";248;"2024-02-07 16:23:04";0
"2bfc04b8-8f50-11ef-99ce-0af7a01f52e9";"e1b91d0d-bfd1-47d5-93cb-95e407e12feb";"71f81e92-fb90-4d67-8018-fc5be4bbcc7b";"2024-10-21 01:59:57";"";0;"2024-10-21 01:59:56";0
"2f8a563a-8f4f-11ef-99ce-0af7a01f52e9";"e1b91d0d-bfd1-47d5-93cb-95e407e12feb";"4aeb8894-656a-4605-b192-00576282ff28";"2024-10-21 01:52:53";"";0;"2024-10-21 01:52:53";0
"2f8f4714-0bc4-11ef-99ce-0af7a01f52e9";"cf35094a-ad64-41dd-9f2d-32cbc942aaed";"4f9e938b-f684-4ca8-b4fc-a533d6ed4a4c";"2024-05-06 16:17:28";"2024-07-17 01:54:05";241;"2024-05-06 16:17:51";0
"3105702f-1df0-11ef-99ce-0af7a01f52e9";"cf35094a-ad64-41dd-9f2d-32cbc942aaed";"92f6f14f-9e93-45dd-b348-f2b463ab7d9d";"2024-05-29 19:17:38";"2024-07-17 13:20:55";241;"2024-05-29 19:18:12";0
"32198fe3-1b80-11ef-99ce-0af7a01f52e9";"cf35094a-ad64-41dd-9f2d-32cbc942aaed";"1f1fe173-e56f-4ca3-94ef-91516809609f";"2024-05-26 16:50:57";"2024-07-17 02:36:16";241;"2024-05-26 16:51:28";0
"35a3e47d-0bb3-11ef-99ce-0af7a01f52e9";"cf35094a-ad64-41dd-9f2d-32cbc942aaed";"dc031923-58e6-4576-b98e-c8452c9f3b1c";"2024-05-06 14:15:57";"2024-07-17 01:33:47";241;"2024-05-06 14:16:19";0
"35cb397f-1b7f-11ef-99ce-0af7a01f52e9";"cf35094a-ad64-41dd-9f2d-32cbc942aaed";"5ad8fe69-2f71-4c31-8e88-65adf2e0c364";"2024-05-26 16:43:54";"2024-07-17 02:34:13";241;"2024-05-26 16:44:24";0
"365b37dd-45ff-11ef-99ce-0af7a01f52e9";"cf35094a-ad64-41dd-9f2d-32cbc942aaed";"a96ed5df-89b6-42a5-a5b1-a19fca56bbb3";"2024-07-19 18:46:30";"2024-07-19 18:51:39";256;"2024-07-19 18:46:30";0
"38276732-c407-11ee-be26-0af7a01f52e9";"cf35094a-ad64-41dd-9f2d-32cbc942aaed";"386742b4-7005-443d-94ce-b4f6afa2b70a";"2024-02-05 09:16:18";"2024-02-05 12:00:33";248;"2024-02-05 09:16:18";0
"38f0d7e0-7d82-fd47-6f67-60985d85a755";"00000000-0000-0000-0000-000000000000";"00000000-20240719-03:17:18";"2024-07-19 03:17:18";"2024-07-19 03:17:18";0;"2024-07-19 03:17:18";0
"3a772d24-363d-11ef-99ce-0af7a01f52e9";"8066bf52-1804-4327-95c0-5776087af923";"9025982c-be75-4697-9c5c-e842855a1f65";"2024-07-07 17:43:35";"2024-07-07 18:28:01";230;"2024-06-29 17:30:07";1
"3b07210e-33d1-11ef-99ce-0af7a01f52e9";"cf35094a-ad64-41dd-9f2d-32cbc942aaed";"dd2a011e-e8f5-482c-aa96-71d14a7c041d";"2024-06-26 15:32:00";"2024-06-26 16:14:54";508;"2024-06-26 15:32:00";0
"3b29906f-7ac8-11ef-99ce-0af7a01f52e9";"cf35094a-ad64-41dd-9f2d-32cbc942aaed";"002e2dfc-4a75-4af0-be00-656cc19aecd9";"2024-09-24 22:56:28";"2024-09-24 23:14:31";1073;"2024-09-24 22:56:27";0
"3b6dceaa-1fe3-11ef-99ce-0af7a01f52e9";"cf35094a-ad64-41dd-9f2d-32cbc942aaed";"bf71b1f1-a1ca-418b-90eb-a7171cf0f0a9";"2024-06-01 06:49:52";"2024-07-17 13:35:17";241;"2024-06-01 06:50:28";0
"3b8db28f-5773-11ef-99ce-0af7a01f52e9";"cf35094a-ad64-41dd-9f2d-32cbc942aaed";"51f1e158-a6c4-45cf-bced-6f349a15c488";"2024-08-10 23:49:50";"2024-08-10 23:51:42";0;"2024-08-10 23:49:50";0
"3bfaf71f-5c11-11ef-99ce-0af7a01f52e9";"cf35094a-ad64-41dd-9f2d-32cbc942aaed";"ccd1bd1d-af5a-4540-b6c7-6f1073d915f4";"2024-08-16 20:50:52";"2024-09-05 17:06:21";240;"2024-08-16 20:50:56";0
"3cd6bc5b-2293-11ef-99ce-0af7a01f52e9";"cf35094a-ad64-41dd-9f2d-32cbc942aaed";"244684eb-1e81-4e6f-89c7-8708f4877f0a";"2024-07-17 13:56:00";"2024-07-17 13:56:09";241;"2024-06-04 16:55:24";1
"3dde8d0c-5c11-11ef-99ce-0af7a01f52e9";"cf35094a-ad64-41dd-9f2d-32cbc942aaed";"f0e5bc37-9840-41e0-8e3b-01ada19bdd26";"2024-09-05 17:06:51";"2024-09-05 17:16:48";760;"2024-08-16 20:50:59";1
"3dea6652-0b18-11ef-99ce-0af7a01f52e9";"cf35094a-ad64-41dd-9f2d-32cbc942aaed";"6c937313-b292-4684-9dd0-18384c6481c7";"2024-05-05 19:46:39";"2024-07-17 00:55:16";241;"2024-05-05 19:47:01";0
"3ec7a5fb-0c08-11ef-99ce-0af7a01f52e9";"cf35094a-ad64-41dd-9f2d-32cbc942aaed";"b0aba449-524f-48af-b1ae-7893181e4bff";"2024-05-07 00:24:38";"2024-07-17 02:02:01";241;"2024-05-07 00:25:02";0
"3faf0f9e-5c11-11ef-99ce-0af7a01f52e9";"cf35094a-ad64-41dd-9f2d-32cbc942aaed";"eafbf780-a6c1-48d2-b381-34457c7faf5f";"2024-09-05 17:16:51";"2024-09-05 17:19:40";0;"2024-08-16 20:51:02";1
"416677b1-5c11-11ef-99ce-0af7a01f52e9";"cf35094a-ad64-41dd-9f2d-32cbc942aaed";"8e9c4b9b-9637-4f8a-8683-9f0130a41249";"2024-08-16 20:51:01";"2024-09-05 17:20:30";16;"2024-08-16 20:51:05";0
"42c7806e-33cc-11ef-99ce-0af7a01f52e9";"cf35094a-ad64-41dd-9f2d-32cbc942aaed";"7297e28f-8624-4882-b837-b776b3d955e1";"2024-07-16 15:59:02";"2024-07-16 16:03:32";134;"2024-06-26 14:56:25";2
"439db257-0bb7-11ef-99ce-0af7a01f52e9";"cf35094a-ad64-41dd-9f2d-32cbc942aaed";"dba4901f-48e7-464b-adc4-e76c1a142dec";"2024-05-06 14:44:58";"2024-07-17 01:35:44";241;"2024-05-06 14:45:21";0
"45b0ffd7-cc11-11ee-be26-0af7a01f52e9";"cf35094a-ad64-41dd-9f2d-32cbc942aaed";"b388fda5-39ee-465b-abcd-53055b47790d";"2024-02-15 14:48:25";"2024-07-17 00:43:25";0;"2024-02-15 14:48:25";0
"473e4127-1e1b-11ef-99ce-0af7a01f52e9";"cf35094a-ad64-41dd-9f2d-32cbc942aaed";"3e376de6-7a71-4616-9db5-6fa65d6b76a1";"2024-05-30 00:26:04";"2024-07-17 13:25:03";241;"2024-05-30 00:26:37";0
"47fbf8f9-cf91-11ee-be26-0af7a01f52e9";"cf35094a-ad64-41dd-9f2d-32cbc942aaed";"0cd2ffb1-bb61-4d97-8f95-7f1b1ae599d6";"2024-02-20 01:42:18";"2024-02-20 01:45:10";1045;"2024-02-20 01:42:17";0
"4890f996-befc-11ee-be26-0af7a01f52e9";"cf35094a-ad64-41dd-9f2d-32cbc942aaed";"2ff1ea65-d5c2-4f0c-b2db-0ef933a55a18";"2024-01-29 23:15:25";"2024-01-29 23:39:30";249;"2024-01-29 23:15:25";0
"49afa95d-0bd1-11ef-99ce-0af7a01f52e9";"cf35094a-ad64-41dd-9f2d-32cbc942aaed";"27b94c93-7243-4991-b6e4-e7ca4ccbeeba";"2024-05-06 17:51:15";"2024-07-17 02:00:02";241;"2024-05-06 17:51:38";0
"4bf81a37-25df-11ef-99ce-0af7a01f52e9";"cf35094a-ad64-41dd-9f2d-32cbc942aaed";"ae1c6e6c-09da-4e0e-902a-d12cd034eea4";"2024-06-08 21:37:28";"2024-06-08 23:27:55";241;"2024-06-08 21:37:25";0
"4dadaaf9-3c06-11ef-99ce-0af7a01f52e9";"cf35094a-ad64-41dd-9f2d-32cbc942aaed";"8428094e-9e9e-4632-b6d7-08e3ba14cd7c";"2024-07-07 02:12:03";"2024-07-08 00:13:50";241;"2024-07-07 02:12:04";0
"4f6fac8e-a485-11ef-99ce-0af7a01f52e9";"cf35094a-ad64-41dd-9f2d-32cbc942aaed";"15ac68a0-ae93-43b3-8124-5d825bb5ce91";"2024-11-17 01:43:11";"";0;"2024-11-17 01:43:14";0
"4f7cdde2-3c06-11ef-99ce-0af7a01f52e9";"cf35094a-ad64-41dd-9f2d-32cbc942aaed";"b3495a6a-4e9c-4364-a753-2bd3a2a1d870";"2024-07-17 14:07:02";"2024-07-17 14:12:15";780;"2024-07-07 02:12:07";2
"4fe0d02e-7df7-11ef-99ce-0af7a01f52e9";"cf35094a-ad64-41dd-9f2d-32cbc942aaed";"04973a22-e4fd-4246-b02e-d9c7b207d61f";"2024-09-29 04:37:41";"2024-09-29 04:43:15";2859;"2024-09-29 00:11:02";1
"512b03d7-3c06-11ef-99ce-0af7a01f52e9";"cf35094a-ad64-41dd-9f2d-32cbc942aaed";"eef5de5d-47dc-4cfa-921e-9df4a0c6b2db";"2024-07-07 02:12:09";"2024-08-11 02:35:17";17;"2024-07-07 02:12:10";0
"515eb498-a485-11ef-99ce-0af7a01f52e9";"cf35094a-ad64-41dd-9f2d-32cbc942aaed";"adb936e4-2ab4-46c9-bf9f-6373b8e828ae";"2024-11-17 01:43:14";"";0;"2024-11-17 01:43:17";0
"52c3edb5-8f50-11ef-99ce-0af7a01f52e9";"e1b91d0d-bfd1-47d5-93cb-95e407e12feb";"f7700549-c4c0-415a-8565-5812a316f1ab";"2024-10-21 02:01:02";"";0;"2024-10-21 02:01:02";0
"5325352f-2292-11ef-99ce-0af7a01f52e9";"cf35094a-ad64-41dd-9f2d-32cbc942aaed";"d0085f07-c356-4149-aba7-0afe7afcddda";"2024-06-04 16:48:15";"2024-07-17 13:52:08";241;"2024-06-04 16:48:52";0
"5327c216-a485-11ef-99ce-0af7a01f52e9";"cf35094a-ad64-41dd-9f2d-32cbc942aaed";"eb4457aa-b980-4e43-a16f-c5263552943e";"2024-11-17 01:43:17";"";0;"2024-11-17 01:43:20";0
"54cb4d60-a485-11ef-99ce-0af7a01f52e9";"cf35094a-ad64-41dd-9f2d-32cbc942aaed";"2c7e9cdc-0e02-4984-8592-b6e88ec149ab";"2024-11-17 01:43:20";"";0;"2024-11-17 01:43:23";0
"5538c723-1d36-11ef-99ce-0af7a01f52e9";"cf35094a-ad64-41dd-9f2d-32cbc942aaed";"b6649034-4657-4819-a34a-b35a9a952d5e";"2024-05-28 21:07:14";"2024-07-17 13:18:14";0;"2024-05-28 21:07:46";0
"558dcb84-c3a7-11ee-be26-0af7a01f52e9";"cf35094a-ad64-41dd-9f2d-32cbc942aaed";"c202f61d-c2cf-4076-9a33-a72d63619b3d";"2024-02-04 21:49:56";"2024-02-04 21:59:26";248;"2024-02-04 21:49:55";0
"55e557e2-0bab-11ef-99ce-0af7a01f52e9";"cf35094a-ad64-41dd-9f2d-32cbc942aaed";"968403bd-c0fc-49c1-80ee-7ce249db8925";"2024-05-06 13:19:35";"2024-07-17 01:12:32";241;"2024-05-06 13:19:58";0
"561f797d-2294-11ef-99ce-0af7a01f52e9";"cf35094a-ad64-41dd-9f2d-32cbc942aaed";"7edf879c-d852-4bac-a785-cba6e158180d";"2024-06-04 17:02:39";"2024-07-17 13:58:08";241;"2024-06-04 17:03:16";0
"567976bd-a485-11ef-99ce-0af7a01f52e9";"cf35094a-ad64-41dd-9f2d-32cbc942aaed";"cc14e890-a3f0-4c8e-bc01-6dd1fadd880c";"2024-11-17 01:43:23";"";0;"2024-11-17 01:43:26";0
"581267c6-6b92-11ef-99ce-0af7a01f52e9";"cf35094a-ad64-41dd-9f2d-32cbc942aaed";"ff1fd677-2f93-47f9-8a8a-9434e0149f55";"2024-09-05 14:22:52";"2024-09-10 04:15:22";464;"2024-09-05 14:22:55";0
"583f0c4d-0bb1-11ef-99ce-0af7a01f52e9";"cf35094a-ad64-41dd-9f2d-32cbc942aaed";"574aa058-3ce4-4fe8-a49a-7084d799d4d9";"2024-05-06 14:02:36";"2024-07-17 01:25:56";241;"2024-05-06 14:02:58";0
"5b20cdf7-6b86-11ef-99ce-0af7a01f52e9";"cf35094a-ad64-41dd-9f2d-32cbc942aaed";"2f43f3b7-526d-4f9f-8725-d64fe5fb63bf";"2024-09-05 12:57:07";"2024-09-05 19:30:17";240;"2024-09-05 12:57:07";0
"5be0d1c7-6b86-11ef-99ce-0af7a01f52e9";"cf35094a-ad64-41dd-9f2d-32cbc942aaed";"66b0df72-ea8f-476e-94b4-9dcd18307b49";"2024-09-05 19:36:51";"2024-09-05 19:40:36";0;"2024-09-05 12:57:08";1
"5c39d9e0-6b86-11ef-99ce-0af7a01f52e9";"cf35094a-ad64-41dd-9f2d-32cbc942aaed";"51823e47-0a87-4ce1-bc19-2290a01b737e";"2024-09-05 12:57:09";"";0;"2024-09-05 12:57:08";0
"5c7062bf-6b86-11ef-99ce-0af7a01f52e9";"cf35094a-ad64-41dd-9f2d-32cbc942aaed";"fc9684b5-2bf6-4254-b808-8cdce099e0b6";"2024-09-05 12:57:09";"2024-09-05 19:43:35";0;"2024-09-05 12:57:09";0
"5e578c96-0c09-11ef-99ce-0af7a01f52e9";"cf35094a-ad64-41dd-9f2d-32cbc942aaed";"52d59ac1-bd0c-40f2-8088-877d26014d64";"2024-05-07 00:32:41";"2024-07-17 02:05:59";241;"2024-05-07 00:33:04";0
"5e78a431-220a-11ef-99ce-0af7a01f52e9";"cf35094a-ad64-41dd-9f2d-32cbc942aaed";"33f83d76-f6c9-45c7-a11b-3d55982f1de2";"2024-07-17 13:36:00";"2024-07-17 13:37:23";241;"2024-06-04 00:35:40";1
"5f7cb74e-0bb2-11ef-99ce-0af7a01f52e9";"cf35094a-ad64-41dd-9f2d-32cbc942aaed";"a65bb8bf-36c7-45f8-bbbe-394897e47e89";"2024-07-17 01:28:26";"2024-07-17 01:29:54";241;"2024-05-06 14:10:20";1
"603fc859-25de-11ef-99ce-0af7a01f52e9";"cf35094a-ad64-41dd-9f2d-32cbc942aaed";"11b052ce-f872-4d86-9b35-b81129b4a851";"2024-06-08 23:24:09";"2024-06-08 23:26:59";241;"2024-06-08 21:30:49";1
"6093c072-7abe-11ef-99ce-0af7a01f52e9";"cf35094a-ad64-41dd-9f2d-32cbc942aaed";"6252b56d-0584-4d2f-bdb7-fb644ffdd678";"2024-09-24 22:20:04";"2024-09-24 22:34:24";0;"2024-09-24 21:45:55";1
"6254b161-4601-11ef-99ce-0af7a01f52e9";"cf35094a-ad64-41dd-9f2d-32cbc942aaed";"8e127479-4120-4994-8eec-ab237ea1c90f";"2024-07-19 19:02:03";"2024-07-19 19:11:29";106;"2024-07-19 19:02:03";0
"639ec343-0bac-11ef-99ce-0af7a01f52e9";"cf35094a-ad64-41dd-9f2d-32cbc942aaed";"0a5dc3d1-b2b9-4d27-8333-a6d2904ee4a7";"2024-05-06 13:27:08";"2024-07-17 01:14:30";241;"2024-05-06 13:27:30";0
"645b8a82-0bba-11ef-99ce-0af7a01f52e9";"cf35094a-ad64-41dd-9f2d-32cbc942aaed";"5b36f1aa-ef33-468e-b000-7c7d5683e4af";"2024-05-06 15:07:22";"2024-07-17 01:44:25";241;"2024-05-06 15:07:44";0
"65e5e892-2854-11ef-99ce-0af7a01f52e9";"cf35094a-ad64-41dd-9f2d-32cbc942aaed";"f37f1195-6155-46e5-b68d-40b93a461948";"2024-06-12 00:40:41";"2024-06-13 04:25:41";241;"2024-06-12 00:40:42";0
"662a1b38-72f7-11ef-99ce-0af7a01f52e9";"cf35094a-ad64-41dd-9f2d-32cbc942aaed";"ba68ddf4-50d5-4e82-b919-962d71ae879d";"2024-09-15 00:13:57";"2024-09-21 18:32:54";9571;"2024-09-15 00:13:56";0
"69d984ba-c2f7-11ee-be26-0af7a01f52e9";"cf35094a-ad64-41dd-9f2d-32cbc942aaed";"af32113e-7ed7-4ef9-a5d6-dd155877d83d";"2024-02-04 00:50:38";"2024-02-04 18:14:34";248;"2024-02-04 00:50:38";0
"6a27e4cc-6b00-11ef-99ce-0af7a01f52e9";"cf35094a-ad64-41dd-9f2d-32cbc942aaed";"de785152-ab5b-48e4-bec7-7208a483daaa";"2024-09-05 18:46:51";"2024-09-05 18:47:01";0;"2024-09-04 20:58:19";1
"6c08cab5-6b00-11ef-99ce-0af7a01f52e9";"cf35094a-ad64-41dd-9f2d-32cbc942aaed";"da946fcf-79ea-48a8-8174-c4bf1aa84532";"2024-09-05 18:56:51";"2024-09-05 18:57:27";0;"2024-09-04 20:58:22";1
"6ce4bd1b-71d4-11ef-99ce-0af7a01f52e9";"cf35094a-ad64-41dd-9f2d-32cbc942aaed";"bfeada97-4c6f-44cf-b65b-742dddaae75d";"2024-09-13 13:31:05";"2024-09-21 18:29:19";3868;"2024-09-13 13:31:04";0
"6d225aac-1b80-11ef-99ce-0af7a01f52e9";"cf35094a-ad64-41dd-9f2d-32cbc942aaed";"502ba135-fe7b-4456-88cc-9bf064a29085";"2024-07-17 02:36:30";"2024-07-17 02:38:11";241;"2024-05-26 16:53:07";1
"6de826ae-6b00-11ef-99ce-0af7a01f52e9";"cf35094a-ad64-41dd-9f2d-32cbc942aaed";"3f674aea-68dc-4627-908b-cd69ef3a0540";"2024-09-04 20:58:21";"2024-09-05 18:58:03";43;"2024-09-04 20:58:25";0
"6fd0c929-6b00-11ef-99ce-0af7a01f52e9";"cf35094a-ad64-41dd-9f2d-32cbc942aaed";"a1269bb1-1a9e-4cb4-b49f-600bd1afa1ba";"2024-09-04 20:58:24";"2024-09-05 18:58:43";0;"2024-09-04 20:58:29";0
"7180a103-5573-11ef-99ce-0af7a01f52e9";"cf35094a-ad64-41dd-9f2d-32cbc942aaed";"db3323d1-9310-4d41-bbac-32d3337a7ecc";"2024-08-08 14:26:12";"2024-08-08 14:52:10";494;"2024-08-08 10:46:18";2
"76591045-2353-11ef-99ce-0af7a01f52e9";"bcb2aebb-60ab-4eb2-aba9-11618ea8b3ea";"17681363-3493-43b8-952c-b4bde3c9ad65";"2024-07-16 15:49:02";"2024-07-16 15:55:06";164;"2024-06-05 15:51:24";1
"76b4e1cd-5eff-11ef-99ce-0af7a01f52e9";"cf35094a-ad64-41dd-9f2d-32cbc942aaed";"f580f31e-ed65-4af6-90e4-ce9ef26e4e3d";"2024-08-20 14:21:16";"2024-09-05 17:22:49";240;"2024-08-20 14:21:17";0
"789e7028-5eff-11ef-99ce-0af7a01f52e9";"cf35094a-ad64-41dd-9f2d-32cbc942aaed";"d0d890b6-d8f6-4306-b587-f8a7a8415212";"2024-09-05 17:26:51";"2024-09-05 17:33:24";779;"2024-08-20 14:21:20";1
"79a81704-2d0c-11ef-99ce-0af7a01f52e9";"cf35094a-ad64-41dd-9f2d-32cbc942aaed";"0a2897d7-333c-480a-9ea8-bfd7d20c3762";"2024-06-18 00:48:24";"2024-06-18 01:34:47";241;"2024-06-18 00:48:27";0
"7a6e6961-5eff-11ef-99ce-0af7a01f52e9";"cf35094a-ad64-41dd-9f2d-32cbc942aaed";"0493cca7-2081-49c3-ba24-a1a7d9a987f7";"2024-08-20 14:21:22";"2024-09-05 17:34:09";75;"2024-08-20 14:21:23";0
"7ac5a7c9-40b2-11ef-99ce-0af7a01f52e9";"cf35094a-ad64-41dd-9f2d-32cbc942aaed";"759e3510-8b04-4c71-978f-8eaec324f25d";"2024-07-16 15:14:59";"2024-07-16 15:16:40";241;"2024-07-13 00:54:37";1
"7b10201a-40b2-11ef-99ce-0af7a01f52e9";"cf35094a-ad64-41dd-9f2d-32cbc942aaed";"860d8007-a3b1-4c7d-bb3a-a7b92a9d3896";"2024-07-16 19:25:11";"2024-07-16 20:19:15";780;"2024-07-13 00:54:38";3
"7b51896d-40b2-11ef-99ce-0af7a01f52e9";"cf35094a-ad64-41dd-9f2d-32cbc942aaed";"f6231567-159c-4e54-8833-4bceaa53b73f";"2024-07-13 00:54:39";"";0;"2024-07-13 00:54:38";0
"7c4ba16c-5eff-11ef-99ce-0af7a01f52e9";"cf35094a-ad64-41dd-9f2d-32cbc942aaed";"196aa79d-066a-4585-8836-9bca1c026d0d";"2024-08-20 14:21:25";"2024-09-05 17:35:04";23;"2024-08-20 14:21:26";0
"7ecd00f3-3c01-11ef-99ce-0af7a01f52e9";"cf35094a-ad64-41dd-9f2d-32cbc942aaed";"dc8c4d08-b544-4413-bbc9-30dd0fce8ed2";"2024-07-07 01:37:38";"2024-07-07 18:31:31";241;"2024-07-07 01:37:39";0
"824c2640-228d-11ef-99ce-0af7a01f52e9";"cf35094a-ad64-41dd-9f2d-32cbc942aaed";"74e4dccb-3d93-4058-9022-7cf2e1b5d21d";"2024-06-04 16:13:46";"2024-07-17 13:39:24";241;"2024-06-04 16:14:24";0
"8276fe5c-1f89-11ef-99ce-0af7a01f52e9";"cf35094a-ad64-41dd-9f2d-32cbc942aaed";"75088a70-43f1-4da8-a6f3-09174f78c25f";"2024-05-31 20:07:38";"2024-07-17 13:29:05";241;"2024-05-31 20:08:13";0
"83d99ecd-0dab-11ef-99ce-0af7a01f52e9";"cf35094a-ad64-41dd-9f2d-32cbc942aaed";"e0c4a898-4a23-4a6a-9ef3-527ffc4da92a";"2024-05-09 02:25:52";"2024-07-17 02:22:16";241;"2024-05-09 02:26:17";0
"84460a7a-2e8e-11ef-99ce-0af7a01f52e9";"cf35094a-ad64-41dd-9f2d-32cbc942aaed";"2343caf6-ba32-47bb-ab1f-8731edb048fc";"2024-06-19 22:51:51";"2024-07-16 16:45:45";520;"2024-06-19 22:51:51";0
"865268fc-3c02-11ef-99ce-0af7a01f52e9";"cf35094a-ad64-41dd-9f2d-32cbc942aaed";"26f4a3ce-fe46-4337-95c0-2040a65587d2";"2024-07-07 18:33:36";"2024-07-07 18:34:33";241;"2024-07-07 01:45:01";1
"86ae2d63-3c02-11ef-99ce-0af7a01f52e9";"cf35094a-ad64-41dd-9f2d-32cbc942aaed";"ae305f31-f752-4d2f-9a52-ce918553e655";"2024-07-07 01:45:02";"";0;"2024-07-07 01:45:01";0
"875c5dd0-0c0a-11ef-99ce-0af7a01f52e9";"cf35094a-ad64-41dd-9f2d-32cbc942aaed";"a5a644df-0bcf-44d3-9537-3180ddbe0a39";"2024-05-07 00:40:59";"2024-07-17 02:12:31";241;"2024-05-07 00:41:23";0
"8871ef41-0bac-11ef-99ce-0af7a01f52e9";"cf35094a-ad64-41dd-9f2d-32cbc942aaed";"e9541ca0-99b3-4e91-aeee-ca3394a1b753";"2024-05-06 13:28:10";"2024-07-17 01:16:29";241;"2024-05-06 13:28:32";0
"897d15f0-46b2-11ef-99ce-0af7a01f52e9";"cf35094a-ad64-41dd-9f2d-32cbc942aaed";"72142799-43df-4463-af6d-1ed440fd4693";"2024-07-20 16:10:10";"2024-07-20 16:12:19";305;"2024-07-20 16:10:09";0
"8ade755e-0cbc-11ef-99ce-0af7a01f52e9";"cf35094a-ad64-41dd-9f2d-32cbc942aaed";"962b76c5-5629-4fe7-aad1-6527108a43d8";"2024-05-07 21:55:14";"2024-07-17 02:20:18";241;"2024-05-07 21:55:39";0
"8ce92782-5775-11ef-99ce-0af7a01f52e9";"cf35094a-ad64-41dd-9f2d-32cbc942aaed";"4359aa71-c45b-411b-ad7e-c4fb3a668c5b";"2024-08-11 00:06:26";"2024-08-11 00:19:58";0;"2024-08-11 00:06:25";0
"8dcb88b7-0bb1-11ef-99ce-0af7a01f52e9";"cf35094a-ad64-41dd-9f2d-32cbc942aaed";"16287023-612f-4353-8b0a-bf99312abeaa";"2024-05-06 14:04:06";"2024-07-17 01:27:54";241;"2024-05-06 14:04:28";0
"8e4eef3c-2291-11ef-99ce-0af7a01f52e9";"cf35094a-ad64-41dd-9f2d-32cbc942aaed";"8b5314d1-19c1-4910-ac2d-c8c898b06ba4";"2024-07-17 13:46:00";"2024-07-17 13:48:03";241;"2024-06-04 16:43:22";1
"8f316534-bf75-11ee-be26-0af7a01f52e9";"cf35094a-ad64-41dd-9f2d-32cbc942aaed";"5c0f697c-0756-4d29-8bfd-b724a33b9224";"2024-01-30 13:43:33";"2024-02-03 19:37:53";248;"2024-01-30 13:43:32";0
"8f389796-c6a1-5e66-da92-a4320224c6fa";"00000000-0000-0000-0000-000000000000";"00000000-20240719-03:11:27";"2024-07-19 03:11:27";"2024-07-19 03:11:27";0;"2024-07-19 03:11:27";0
"902a4fed-bf12-11ee-be26-0af7a01f52e9";"cf35094a-ad64-41dd-9f2d-32cbc942aaed";"465cf435-cab7-40e3-92e1-12c04200a97d";"2024-07-17 00:14:24";"2024-07-17 00:32:33";241;"2024-01-30 01:54:54";1
"912d38ca-3c04-11ef-99ce-0af7a01f52e9";"cf35094a-ad64-41dd-9f2d-32cbc942aaed";"4ad5dfdf-efa6-4417-9dc2-d77703be6098";"2024-07-16 23:04:21";"2024-07-16 23:20:56";780;"2024-07-07 01:59:38";3
"9422f98d-493c-11ef-99ce-0af7a01f52e9";"cf35094a-ad64-41dd-9f2d-32cbc942aaed";"60e24731-6e96-4b42-b144-ed96a997f375";"2024-07-23 21:43:20";"2024-07-23 21:44:43";137;"2024-07-23 21:43:20";0
"94b3f407-0dbb-11ef-99ce-0af7a01f52e9";"cf35094a-ad64-41dd-9f2d-32cbc942aaed";"4e03b496-f410-432d-b02b-166f9355149e";"2024-05-09 04:20:52";"2024-07-17 02:26:11";241;"2024-05-09 04:21:17";0
"94f43cec-5b50-11ef-99ce-0af7a01f52e9";"cf35094a-ad64-41dd-9f2d-32cbc942aaed";"76d94bc3-6fe9-4e91-9d3a-c54442ab48a1";"2024-08-25 05:22:09";"2024-08-28 20:39:19";473;"2024-08-15 21:51:52";4
"9576ff24-2292-11ef-99ce-0af7a01f52e9";"cf35094a-ad64-41dd-9f2d-32cbc942aaed";"238b22a2-dd63-449e-b8ed-b142bfd6ba03";"2024-06-04 16:50:06";"2024-07-17 13:54:07";241;"2024-06-04 16:50:43";0
"968c59a0-235a-11ef-99ce-0af7a01f52e9";"bcb2aebb-60ab-4eb2-aba9-11618ea8b3ea";"6fbb31ea-b4fd-4a45-8017-a4e895243af8";"2024-06-05 16:42:25";"2024-06-05 16:46:11";481;"2024-06-05 16:42:25";0
"9875e9b7-2d11-11ef-99ce-0af7a01f52e9";"cf35094a-ad64-41dd-9f2d-32cbc942aaed";"038184ad-7c34-49e3-8817-4feb2dd53321";"2024-06-18 01:25:03";"2024-06-18 01:35:52";241;"2024-06-18 01:25:06";0
"998a5e73-a484-11ef-99ce-0af7a01f52e9";"cf35094a-ad64-41dd-9f2d-32cbc942aaed";"cd1531f7-afc2-4b15-a300-a858abdfa774";"2024-11-17 01:38:06";"";0;"2024-11-17 01:38:09";0
"99f9d191-cc11-11ee-be26-0af7a01f52e9";"cf35094a-ad64-41dd-9f2d-32cbc942aaed";"12acdf69-6fd3-4829-a391-84da49ba8918";"2024-02-15 14:49:45";"2024-08-11 02:06:03";549;"2024-02-15 14:50:46";0
"9ab014db-71d5-11ef-99ce-0af7a01f52e9";"cf35094a-ad64-41dd-9f2d-32cbc942aaed";"5639c7e7-aed9-4fea-b74e-2a9a74d5c26a";"2024-09-13 13:39:31";"2024-09-21 18:36:32";9571;"2024-09-13 13:39:30";0
"9b58c86b-a484-11ef-99ce-0af7a01f52e9";"cf35094a-ad64-41dd-9f2d-32cbc942aaed";"d27ab0a9-db87-46c4-a396-3cbb16f00579";"2024-11-17 01:38:09";"";0;"2024-11-17 01:38:12";0
"9c4be06f-25da-11ef-99ce-0af7a01f52e9";"cf35094a-ad64-41dd-9f2d-32cbc942aaed";"a5273872-8c46-4eea-8dfd-c7c8379ad5b8";"2024-06-08 23:24:09";"2024-06-08 23:25:55";241;"2024-06-08 21:03:52";1
"9c79fbe8-1f92-11ef-99ce-0af7a01f52e9";"cf35094a-ad64-41dd-9f2d-32cbc942aaed";"b59235da-464d-46f8-ae2f-bae98df574fc";"2024-05-31 21:12:47";"2024-07-17 13:33:09";241;"2024-05-31 21:13:22";0
"9d34e8c5-a484-11ef-99ce-0af7a01f52e9";"cf35094a-ad64-41dd-9f2d-32cbc942aaed";"27850c94-2316-42d8-a561-9e04dc95f4c1";"2024-11-17 01:38:12";"";0;"2024-11-17 01:38:15";0
"9da7e929-faa2-11ee-b616-0af7a01f52e9";"cf35094a-ad64-41dd-9f2d-32cbc942aaed";"8979ece5-5a00-405b-a31e-0f28c1c472db";"2024-06-05 03:00:17";"2024-07-17 00:45:27";241;"2024-04-14 21:04:43";1
"9e1c2d73-0b1a-11ef-99ce-0af7a01f52e9";"cf35094a-ad64-41dd-9f2d-32cbc942aaed";"a2d4b425-3a80-4f93-970d-91afcf4375d6";"2024-05-05 20:03:40";"2024-07-17 00:57:12";241;"2024-05-05 20:04:02";0
"9e6584b2-493b-11ef-99ce-0af7a01f52e9";"cf35094a-ad64-41dd-9f2d-32cbc942aaed";"518a2526-8beb-4d2f-a69b-ffdaecf017a3";"2024-07-23 21:36:28";"2024-07-27 09:58:28";0;"2024-07-23 21:36:28";0
"9f203a68-a484-11ef-99ce-0af7a01f52e9";"cf35094a-ad64-41dd-9f2d-32cbc942aaed";"7a53aa1f-ceca-4a9f-9470-021552d3c59b";"2024-11-17 01:38:15";"";0;"2024-11-17 01:38:18";0
"9f295208-e24f-b233-c94d-46bce97f21bd";"00000000-0000-0000-0000-000000000000";"00000000-20240719-03:43:21";"2024-07-19 03:43:21";"2024-07-19 03:43:21";210;"2024-07-19 03:43:21";0
"a05da86d-0c0c-11ef-99ce-0af7a01f52e9";"cf35094a-ad64-41dd-9f2d-32cbc942aaed";"c798873e-2125-4139-be9c-81be3c863e84";"2024-05-07 00:56:00";"2024-07-17 02:14:27";241;"2024-05-07 00:56:24";0
"a0d98aa2-4a9d-11ef-99ce-0af7a01f52e9";"cf35094a-ad64-41dd-9f2d-32cbc942aaed";"6bc6f09e-69e9-48e0-9cc8-b41216b92d61";"2024-07-25 15:50:34";"2024-07-27 12:03:19";260;"2024-07-25 15:50:34";0
"a0fa7c6a-a484-11ef-99ce-0af7a01f52e9";"cf35094a-ad64-41dd-9f2d-32cbc942aaed";"3257596e-3532-4f64-b4fb-09d73089dbcd";"2024-11-17 01:38:18";"";0;"2024-11-17 01:38:21";0
"a136fe68-0bb7-11ef-99ce-0af7a01f52e9";"cf35094a-ad64-41dd-9f2d-32cbc942aaed";"a056a758-55f0-426b-a50e-bacc47a0934d";"2024-05-06 14:47:35";"2024-07-17 01:37:41";241;"2024-05-06 14:47:58";0
"a3d05e8c-c38b-11ee-be26-0af7a01f52e9";"cf35094a-ad64-41dd-9f2d-32cbc942aaed";"54754af0-f515-46ba-9160-fd888d4835b3";"2024-02-04 18:31:41";"2024-02-04 21:57:30";248;"2024-02-04 18:31:41";0
"a68542b3-6b87-11ef-99ce-0af7a01f52e9";"cf35094a-ad64-41dd-9f2d-32cbc942aaed";"1eab9430-9c77-49ec-a529-49d224f72ed5";"2024-09-05 19:46:51";"2024-09-10 03:53:02";240;"2024-09-05 13:06:23";1
"a6abb0d9-2d11-11ef-99ce-0af7a01f52e9";"cf35094a-ad64-41dd-9f2d-32cbc942aaed";"2568ab16-0aa5-4198-95fd-298cda2dcbde";"2024-06-18 01:25:27";"2024-06-18 01:36:55";241;"2024-06-18 01:25:30";0
"a70e56d9-0bc1-11ef-99ce-0af7a01f52e9";"cf35094a-ad64-41dd-9f2d-32cbc942aaed";"1e3d2f72-116d-4d7d-a1c9-5f2d67e15dde";"2024-07-17 01:47:28";"2024-07-17 01:48:17";241;"2024-05-06 15:59:43";1
"a86dffbc-6b87-11ef-99ce-0af7a01f52e9";"cf35094a-ad64-41dd-9f2d-32cbc942aaed";"be898cda-aa5a-436e-9485-a113b64ccd0b";"2024-09-05 19:46:51";"2024-09-05 19:54:15";779;"2024-09-05 13:06:26";1
"aa98d33b-6b87-11ef-99ce-0af7a01f52e9";"cf35094a-ad64-41dd-9f2d-32cbc942aaed";"dc6361b3-8844-4ed9-a574-b51b150ab258";"2024-09-05 13:06:26";"2024-09-05 19:54:30";0;"2024-09-05 13:06:29";0
"ab530120-2294-11ef-99ce-0af7a01f52e9";"cf35094a-ad64-41dd-9f2d-32cbc942aaed";"9b971e7a-0ea7-43bf-b44d-349a6a5e56e6";"2024-06-04 17:05:02";"2024-07-17 14:00:14";241;"2024-06-04 17:05:39";0
"abd7731a-5fc7-11ef-99ce-0af7a01f52e9";"cf35094a-ad64-41dd-9f2d-32cbc942aaed";"057bf1c4-9c7b-49c8-bd86-89bd690ebf47";"2024-08-21 14:14:23";"2024-09-05 17:52:09";240;"2024-08-21 14:14:25";0
"ac078f79-0bd0-11ef-99ce-0af7a01f52e9";"cf35094a-ad64-41dd-9f2d-32cbc942aaed";"6a395d24-6cfe-4c1f-ac55-369ead044eca";"2024-07-17 01:57:28";"2024-07-17 01:57:59";241;"2024-05-06 17:47:13";1
"ac709661-6b87-11ef-99ce-0af7a01f52e9";"cf35094a-ad64-41dd-9f2d-32cbc942aaed";"7b096c93-d2ab-4692-be1d-b2f528d558f6";"2024-09-05 19:56:51";"2024-09-05 19:57:06";155;"2024-09-05 13:06:32";1
"ad03038e-c236-11ee-be26-0af7a01f52e9";"cf35094a-ad64-41dd-9f2d-32cbc942aaed";"a9850aed-bbec-4df3-9dea-1fd18b516f5e";"2024-07-17 00:38:26";"2024-07-17 00:39:08";241;"2024-02-03 01:50:58";1
"adb579b5-5fc7-11ef-99ce-0af7a01f52e9";"cf35094a-ad64-41dd-9f2d-32cbc942aaed";"62139afd-7337-4df5-9f74-1bacd7a99d5e";"2024-09-05 17:56:51";"2024-09-05 18:02:39";779;"2024-08-21 14:14:28";1
"af7aa727-6bf4-11ef-99ce-0af7a01f52e9";"cf35094a-ad64-41dd-9f2d-32cbc942aaed";"db910aaf-7420-4247-a402-c3cf9e123ee5";"2024-09-09 18:37:40";"2024-09-10 04:13:56";240;"2024-09-06 02:06:53";1
"af967d6b-5fc7-11ef-99ce-0af7a01f52e9";"cf35094a-ad64-41dd-9f2d-32cbc942aaed";"f04a486e-1c62-4d5a-88c3-3d4a66376f0a";"2024-08-21 14:14:29";"2024-09-05 18:03:27";75;"2024-08-21 14:14:32";0
"afc8c0b9-0c09-11ef-99ce-0af7a01f52e9";"cf35094a-ad64-41dd-9f2d-32cbc942aaed";"dcc4bd1c-7a1a-470f-b9d7-cb23f4f277f7";"2024-07-17 02:07:28";"2024-07-17 02:07:56";241;"2024-05-07 00:35:21";1
"b1688c94-6bf4-11ef-99ce-0af7a01f52e9";"cf35094a-ad64-41dd-9f2d-32cbc942aaed";"3cb133b0-98d6-4d07-b329-478d2f875ae9";"2024-09-10 03:57:35";"2024-09-10 04:10:33";779;"2024-09-06 02:06:56";1
"b17aef4a-5fc7-11ef-99ce-0af7a01f52e9";"cf35094a-ad64-41dd-9f2d-32cbc942aaed";"412706d0-baba-43bc-b169-0d14670659b7";"2024-08-21 14:14:33";"2024-09-05 18:05:42";138;"2024-08-21 14:14:35";0
"b20e6dfe-3c74-11ef-99ce-0af7a01f52e9";"cf35094a-ad64-41dd-9f2d-32cbc942aaed";"e03c1a80-745f-40a5-9e06-55e0f08f4a5e";"2024-07-08 00:19:52";"2024-07-08 00:21:16";241;"2024-07-07 15:22:17";1
"b25655ac-3c74-11ef-99ce-0af7a01f52e9";"cf35094a-ad64-41dd-9f2d-32cbc942aaed";"86e01bf6-ae2d-4967-8a07-dae11d2ea005";"2024-07-07 15:22:18";"";0;"2024-07-07 15:22:17";0
"b279c38c-3c74-11ef-99ce-0af7a01f52e9";"cf35094a-ad64-41dd-9f2d-32cbc942aaed";"8a63c832-577d-40c5-9d8e-4628b6cb1d95";"2024-07-07 15:22:18";"";0;"2024-07-07 15:22:17";0
"b2b37590-12c9-11ef-99ce-0af7a01f52e9";"cf35094a-ad64-41dd-9f2d-32cbc942aaed";"951f0608-caac-41a5-9988-21dfcdef1b5a";"2024-05-15 14:44:27";"2024-07-17 02:30:13";241;"2024-05-15 14:44:56";0
"b34d8a49-c2ba-11ee-be26-0af7a01f52e9";"cf35094a-ad64-41dd-9f2d-32cbc942aaed";"77b49015-9979-46ec-ae78-18ab6fbcc3ad";"2024-08-11 01:36:01";"2024-08-11 01:47:02";248;"2024-02-03 17:36:02";1
"b3d0ddab-6bf4-11ef-99ce-0af7a01f52e9";"cf35094a-ad64-41dd-9f2d-32cbc942aaed";"fa52fd46-0baf-48a0-bb8a-b85ff8107948";"2024-09-06 02:06:55";"2024-09-10 04:16:43";83;"2024-09-06 02:07:00";0
"b442777f-c2ba-11ee-be26-0af7a01f52e9";"cf35094a-ad64-41dd-9f2d-32cbc942aaed";"97614383-5d7c-41a5-afbf-f4949dc45338";"2024-02-03 17:36:04";"2024-08-11 01:50:56";248;"2024-02-03 17:36:03";0
"b5b9d3fa-6bf4-11ef-99ce-0af7a01f52e9";"cf35094a-ad64-41dd-9f2d-32cbc942aaed";"810cdcc9-bbd8-412d-a46f-e9aa1e2d915c";"2024-09-06 02:06:59";"2024-09-10 03:54:05";14;"2024-09-06 02:07:03";0
"ba247548-0bb2-11ef-99ce-0af7a01f52e9";"cf35094a-ad64-41dd-9f2d-32cbc942aaed";"1a87fd01-a719-418d-83c7-7e5cb6202f42";"2024-05-06 14:12:30";"2024-07-17 01:31:53";241;"2024-05-06 14:12:52";0
"bac8ca1f-0bc1-11ef-99ce-0af7a01f52e9";"cf35094a-ad64-41dd-9f2d-32cbc942aaed";"0693584c-ec1d-4bdf-aab5-998952ffeedd";"2024-05-06 15:59:53";"2024-07-17 01:50:14";241;"2024-05-06 16:00:16";0
"c07d1957-363c-11ef-99ce-0af7a01f52e9";"8066bf52-1804-4327-95c0-5776087af923";"4de2ac55-cea0-4aa7-a4e7-fa04de22a788";"2024-06-29 17:26:43";"2024-07-07 17:31:05";230;"2024-06-29 17:26:42";0
"c1810dab-0baf-11ef-99ce-0af7a01f52e9";"cf35094a-ad64-41dd-9f2d-32cbc942aaed";"e5ba9f6e-377c-4743-b19d-fd419ddb7a49";"2024-05-06 13:51:14";"2024-07-17 01:21:53";241;"2024-05-06 13:51:36";0
"c2194a6c-71d6-11ef-99ce-0af7a01f52e9";"cf35094a-ad64-41dd-9f2d-32cbc942aaed";"c60f84a2-76f6-4ce9-8e4d-fe9dc7104db9";"2024-09-21 18:27:13";"2024-09-21 18:27:36";8465;"2024-09-13 13:47:46";1
"c5268844-0bad-11ef-99ce-0af7a01f52e9";"cf35094a-ad64-41dd-9f2d-32cbc942aaed";"2f2e1b47-d830-4081-a59f-5afdf4499962";"2024-07-17 01:18:26";"2024-07-17 01:19:56";0;"2024-05-06 13:37:23";1
"c61529a9-2d11-11ef-99ce-0af7a01f52e9";"cf35094a-ad64-41dd-9f2d-32cbc942aaed";"21f8d829-dd0d-4e03-a47c-88207abe6c7b";"2024-06-18 01:26:20";"2024-06-18 01:37:22";86;"2024-06-18 01:26:23";0
"c8105340-0bba-11ef-99ce-0af7a01f52e9";"cf35094a-ad64-41dd-9f2d-32cbc942aaed";"4f634de9-f1f7-4d1f-b032-4a630e8ec835";"2024-05-06 15:10:09";"2024-07-17 01:46:20";241;"2024-05-06 15:10:32";0
"c8b65b40-1f84-11ef-99ce-0af7a01f52e9";"cf35094a-ad64-41dd-9f2d-32cbc942aaed";"729114a2-a800-4e87-b6ff-10440e0ec018";"2024-07-17 13:25:58";"2024-07-17 13:27:04";241;"2024-05-31 19:34:23";1
"c8cbc8a7-0c08-11ef-99ce-0af7a01f52e9";"cf35094a-ad64-41dd-9f2d-32cbc942aaed";"5bdcbfc2-b27c-4a60-8754-525f09cb794c";"2024-05-07 00:28:30";"2024-07-17 02:04:03";241;"2024-05-07 00:28:53";0
"ca025032-6b08-11ef-99ce-0af7a01f52e9";"cf35094a-ad64-41dd-9f2d-32cbc942aaed";"72cc42a9-f3d6-4886-a717-e52ed5bdaee6";"2024-09-04 21:58:11";"2024-09-05 19:16:02";240;"2024-09-04 21:58:16";0
"cc060b3c-6b08-11ef-99ce-0af7a01f52e9";"cf35094a-ad64-41dd-9f2d-32cbc942aaed";"1b7f82f6-5cbb-42ac-a6aa-348b8d8a628f";"2024-09-05 19:16:51";"2024-09-05 19:26:26";779;"2024-09-04 21:58:19";1
"cdc6a9cc-6b08-11ef-99ce-0af7a01f52e9";"cf35094a-ad64-41dd-9f2d-32cbc942aaed";"8d9afa77-5ea4-4f3b-b6ca-f57972868981";"2024-09-05 19:26:51";"2024-09-05 19:27:13";71;"2024-09-04 21:58:22";1
"ce3e9e66-2e76-11ef-99ce-0af7a01f52e9";"cf35094a-ad64-41dd-9f2d-32cbc942aaed";"6f58dbd0-c348-4a69-bc7b-388b4d348260";"2024-06-19 22:34:42";"2024-07-17 14:02:19";241;"2024-06-19 20:02:07";1
"cf925471-6b08-11ef-99ce-0af7a01f52e9";"cf35094a-ad64-41dd-9f2d-32cbc942aaed";"c0a4f767-b53e-4689-af42-2000a26c9b72";"2024-09-04 21:58:21";"2024-09-05 19:28:03";16;"2024-09-04 21:58:25";0
"d0f71342-1df0-11ef-99ce-0af7a01f52e9";"cf35094a-ad64-41dd-9f2d-32cbc942aaed";"f453068f-d1d4-49f1-a81f-db4ed4c36b33";"2024-05-29 19:22:07";"2024-07-17 13:23:00";241;"2024-05-29 19:22:40";0
"d6465dcc-3c04-11ef-99ce-0af7a01f52e9";"cf35094a-ad64-41dd-9f2d-32cbc942aaed";"0d87bedb-e9e3-4cf1-b597-7768215c9d15";"2024-07-07 02:01:34";"2024-07-08 00:12:33";241;"2024-07-07 02:01:34";0
"d6d2f121-3c04-11ef-99ce-0af7a01f52e9";"cf35094a-ad64-41dd-9f2d-32cbc942aaed";"c0037640-d4f0-4aa6-a99b-0e8dab4bdcaa";"2024-07-07 02:01:35";"2024-07-08 00:12:48";46;"2024-07-07 02:01:35";0
"d6e0796d-0b1a-11ef-99ce-0af7a01f52e9";"cf35094a-ad64-41dd-9f2d-32cbc942aaed";"cd3652d4-547a-4095-876e-94fcc460ef6d";"2024-07-17 00:58:26";"2024-07-17 00:59:09";241;"2024-05-05 20:05:37";1
"d6e0824c-600b-11ef-99ce-0af7a01f52e9";"cf35094a-ad64-41dd-9f2d-32cbc942aaed";"e21b9e58-0c08-48fa-97d1-5eeef818e2ae";"2024-08-21 22:22:20";"2024-09-05 18:30:11";240;"2024-08-21 22:22:23";0
"d8297bcf-1d31-11ef-99ce-0af7a01f52e9";"cf35094a-ad64-41dd-9f2d-32cbc942aaed";"d946822a-0c1b-43ab-aced-74a7417276b7";"2024-07-17 02:46:30";"2024-07-17 13:17:57";0;"2024-05-28 20:35:38";1
"d940cddb-600b-11ef-99ce-0af7a01f52e9";"cf35094a-ad64-41dd-9f2d-32cbc942aaed";"d1ee5f23-4f27-4453-bb97-9d35060b3d13";"2024-09-05 18:36:51";"2024-09-05 18:40:54";779;"2024-08-21 22:22:27";1
"dae357d8-5fc1-11ef-99ce-0af7a01f52e9";"cf35094a-ad64-41dd-9f2d-32cbc942aaed";"dfe16f38-e52e-4125-b4b7-b1de17edadb6";"2024-09-05 17:36:51";"2024-09-05 17:37:36";240;"2024-08-21 13:32:47";1
"db1a0c80-0bb8-11ef-99ce-0af7a01f52e9";"cf35094a-ad64-41dd-9f2d-32cbc942aaed";"85cbbe46-bc3a-4db8-b990-de458214a91b";"2024-05-06 14:56:22";"2024-07-17 01:42:29";241;"2024-05-06 14:56:44";0
"db24a535-600b-11ef-99ce-0af7a01f52e9";"cf35094a-ad64-41dd-9f2d-32cbc942aaed";"542491ce-6615-418a-bdb6-67b0b0d8c32d";"2024-08-21 22:22:27";"2024-09-05 18:41:41";47;"2024-08-21 22:22:30";0
"dcbc3cc0-0cbb-11ef-99ce-0af7a01f52e9";"cf35094a-ad64-41dd-9f2d-32cbc942aaed";"cc9a61b6-1114-4917-91db-620202076036";"2024-07-17 02:17:28";"2024-07-17 02:18:20";241;"2024-05-07 21:50:47";1
"dcc80042-5fc1-11ef-99ce-0af7a01f52e9";"cf35094a-ad64-41dd-9f2d-32cbc942aaed";"589fe440-dc9d-4231-9f8b-e1b8972aac5f";"2024-09-05 17:46:51";"2024-09-05 17:47:50";779;"2024-08-21 13:32:50";1
"dd428610-600b-11ef-99ce-0af7a01f52e9";"cf35094a-ad64-41dd-9f2d-32cbc942aaed";"41abf876-3344-4fec-b8a7-b01e96ca4318";"2024-08-21 22:22:31";"2024-09-05 18:43:29";100;"2024-08-21 22:22:34";0
"deb086ec-5fc1-11ef-99ce-0af7a01f52e9";"cf35094a-ad64-41dd-9f2d-32cbc942aaed";"df573c69-bb99-467e-b3ab-fbbb11684811";"2024-08-21 13:32:51";"2024-09-05 17:48:45";96;"2024-08-21 13:32:54";0
"debb1c55-c5d0-11ee-be26-0af7a01f52e9";"cf35094a-ad64-41dd-9f2d-32cbc942aaed";"0e452d23-f316-47d6-98f2-80c670f39cec";"2024-02-07 15:52:18";"2024-02-07 15:56:59";248;"2024-02-07 15:52:17";0
"e02f1031-c234-11ee-be26-0af7a01f52e9";"cf35094a-ad64-41dd-9f2d-32cbc942aaed";"703f09aa-7fd6-464d-ba28-4dc7b3f9011a";"2024-02-03 01:38:05";"2024-07-17 00:36:01";241;"2024-02-03 01:38:05";0
"e05568b0-0bb7-11ef-99ce-0af7a01f52e9";"cf35094a-ad64-41dd-9f2d-32cbc942aaed";"bf70ff2a-38e9-4091-af46-019cdd7dfe7c";"2024-05-06 14:49:21";"2024-07-17 01:39:38";241;"2024-05-06 14:49:44";0
"e06030cf-5fc1-11ef-99ce-0af7a01f52e9";"cf35094a-ad64-41dd-9f2d-32cbc942aaed";"95ed1f79-b39d-46fb-b6a4-80a7981f8eb3";"2024-08-21 13:32:54";"2024-09-05 17:49:40";23;"2024-08-21 13:32:56";0
"e0b498ac-0ba8-11ef-99ce-0af7a01f52e9";"cf35094a-ad64-41dd-9f2d-32cbc942aaed";"4306bb8f-51e8-401d-93ee-4035cc82bd28";"2024-05-06 13:02:00";"2024-07-17 01:01:09";241;"2024-05-06 13:02:22";0
"e301ff6f-0dbb-11ef-99ce-0af7a01f52e9";"cf35094a-ad64-41dd-9f2d-32cbc942aaed";"970f0b2e-3774-4e9f-8d7e-2ca1034635d4";"2024-05-09 04:23:03";"2024-07-17 02:28:09";241;"2024-05-09 04:23:29";0
"e7b3d118-cc10-11ee-be26-0af7a01f52e9";"cf35094a-ad64-41dd-9f2d-32cbc942aaed";"496ac2fe-09fa-4849-970f-87cddf0f522a";"2024-02-15 14:45:47";"2024-02-15 16:25:04";50;"2024-02-15 14:45:47";0
"e8983cfb-0a68-11ef-99ce-0af7a01f52e9";"cf35094a-ad64-41dd-9f2d-32cbc942aaed";"36ed2149-4783-426e-a00e-debf06c8935f";"2024-05-04 22:51:57";"2024-07-17 00:51:22";241;"2024-05-04 22:51:56";0
"eabdd69a-a482-11ef-99ce-0af7a01f52e9";"cf35094a-ad64-41dd-9f2d-32cbc942aaed";"c35865e5-df54-41e8-bc1d-977ae2abca33";"2024-11-17 01:26:03";"";0;"2024-11-17 01:26:06";0
"eca4e558-a482-11ef-99ce-0af7a01f52e9";"cf35094a-ad64-41dd-9f2d-32cbc942aaed";"1eecad0c-27a6-41d4-97fd-5be7b818d3e4";"2024-11-17 01:26:06";"";0;"2024-11-17 01:26:09";0
"ed3c609d-c5ce-11ee-be26-0af7a01f52e9";"cf35094a-ad64-41dd-9f2d-32cbc942aaed";"dddd07ed-d28d-4103-bc3e-602be3f60a80";"2024-07-17 00:38:26";"2024-07-17 00:43:09";241;"2024-02-07 15:38:22";2
"ed576c96-228d-11ef-99ce-0af7a01f52e9";"cf35094a-ad64-41dd-9f2d-32cbc942aaed";"31b522f6-d039-4060-8ca8-439a87206c27";"2024-06-04 16:16:46";"2024-07-17 13:41:30";241;"2024-06-04 16:17:23";0
"eda15c29-1b80-11ef-99ce-0af7a01f52e9";"cf35094a-ad64-41dd-9f2d-32cbc942aaed";"f5912053-850a-4025-81ce-b89726715152";"2024-05-26 16:56:12";"2024-07-17 02:40:11";241;"2024-05-26 16:56:42";0
"ee59d61d-a482-11ef-99ce-0af7a01f52e9";"cf35094a-ad64-41dd-9f2d-32cbc942aaed";"674d0d72-3f9e-4d9e-8fb8-155202926ff6";"2024-11-17 01:26:09";"";0;"2024-11-17 01:26:12";0
"ef7a0e2c-5570-11ef-99ce-0af7a01f52e9";"cf35094a-ad64-41dd-9f2d-32cbc942aaed";"afe8cfd0-921c-47f7-a906-5a8224b5433b";"2024-08-08 10:28:21";"2024-08-08 10:30:59";216;"2024-08-08 10:28:21";0
"f02fb99e-a482-11ef-99ce-0af7a01f52e9";"cf35094a-ad64-41dd-9f2d-32cbc942aaed";"fcbbd467-8df1-4482-9894-3c4d1cc77974";"2024-11-17 01:26:12";"";0;"2024-11-17 01:26:15";0
"f197b1c7-33ce-11ef-99ce-0af7a01f52e9";"cf35094a-ad64-41dd-9f2d-32cbc942aaed";"1cb9c558-1302-4a02-8bbe-9dfe43250973";"2024-06-26 16:46:55";"2024-07-16 16:05:04";158;"2024-06-26 15:15:38";1
"f202036f-a482-11ef-99ce-0af7a01f52e9";"cf35094a-ad64-41dd-9f2d-32cbc942aaed";"15bfc790-c1a9-4a53-91a6-b23d21f5a8f0";"2024-11-17 01:26:15";"";0;"2024-11-17 01:26:18";0
"f5ce321f-0bac-11ef-99ce-0af7a01f52e9";"cf35094a-ad64-41dd-9f2d-32cbc942aaed";"49f74e6d-96f6-42bd-82aa-59e23c5dce60";"2024-05-06 13:31:13";"2024-07-17 01:18:24";241;"2024-05-06 13:31:35";0
"f71d9164-0b17-11ef-99ce-0af7a01f52e9";"cf35094a-ad64-41dd-9f2d-32cbc942aaed";"8f392792-a046-4de6-9813-eda58f2d0c78";"2024-05-05 19:45:03";"2024-07-17 00:53:21";241;"2024-05-05 19:45:02";0
"f8b57222-12df-11ef-99ce-0af7a01f52e9";"cf35094a-ad64-41dd-9f2d-32cbc942aaed";"1cc6b0ba-1e4f-4ed6-af60-1292770f35da";"2024-05-15 17:23:53";"2024-07-17 02:32:11";241;"2024-05-15 17:24:23";0
"f98bd917-bcf6-4975-9b6e-1831f131bf47";"00000000-0000-0000-0000-000000000000";"00000000-0000-0000-0000-000000000000";"2024-01-29 19:10:30";"2024-01-29 23:09:16";-1;"2024-01-29 19:10:30";0
"fb37a5ae-0c18-11ef-99ce-0af7a01f52e9";"cf35094a-ad64-41dd-9f2d-32cbc942aaed";"e4ff6583-d708-46e6-9eab-3a2d05f32b6f";"2024-05-07 02:24:26";"2024-07-17 02:16:25";241;"2024-05-07 02:24:50";0
"fbc04d64-2344-11ef-99ce-0af7a01f52e9";"bcb2aebb-60ab-4eb2-aba9-11618ea8b3ea";"196e829f-0720-4945-bbd5-c98a624857ee";"2024-06-05 14:07:46";"2024-06-05 14:18:31";257;"2024-06-05 14:07:46";0
